股票代码,起始日期,结束日期,行数,覆盖年数,收盘价<=0天数,成交量=0天数,单日涨跌幅绝对值>21%天数,收盘价较前日变动>50%天数,重复日期条数,关键字段NaN条数,任意红旗,红旗项,红旗分数
000001,2015-06-30,2026-06-30,2672,11.01,0,0,0,0,0,0,False,,0
000002,2015-06-30,2026-06-30,2537,11.01,0,0,0,0,0,0,False,,0
000063,2015-06-30,2026-06-30,2598,11.01,0,0,0,0,0,0,False,,0
000100,2015-06-30,2026-06-30,2506,11.01,0,0,0,0,0,0,False,,0
000157,2015-06-30,2026-06-30,2672,11.01,0,0,0,0,0,0,False,,0
000166,2015-06-30,2026-06-30,2647,11.01,0,0,0,0,0,0,False,,0
000301,2015-06-30,2026-06-30,2496,11.01,0,0,0,0,0,0,False,,0
000333,2015-06-30,2026-06-30,2622,11.01,0,0,0,0,0,0,False,,0
000338,2015-06-30,2026-06-30,2670,11.01,0,0,0,0,0,0,False,,0
000408,2015-06-30,2026-06-30,2611,11.01,0,0,0,0,0,0,False,,0
000425,2015-06-30,2026-06-30,2632,11.01,0,0,0,0,0,0,False,,0
000538,2015-06-30,2026-06-30,2508,11.01,0,0,0,0,0,0,False,,0
000568,2015-06-30,2026-06-30,2654,11.01,0,0,0,0,0,0,False,,0
000596,2015-06-30,2026-06-30,2672,11.01,0,0,0,0,0,0,False,,0
000617,2015-06-30,2026-06-30,2563,11.01,0,0,0,0,0,0,False,,0
000625,2015-06-30,2026-06-30,2652,11.01,0,0,0,0,0,0,False,,0
000630,2015-10-23,2026-06-30,2586,10.69,0,0,0,0,0,0,False,,0
000651,2015-06-30,2026-06-30,2515,11.01,0,0,0,0,0,0,False,,0
000657,2015-06-30,2026-06-30,2522,11.01,0,0,0,0,0,0,False,,0
000708,2015-10-20,2026-06-30,2593,10.7,0,0,0,0,0,0,False,,0
000725,2015-06-30,2026-06-30,2669,11.01,0,0,0,0,0,0,False,,0
000768,2015-06-30,2026-06-30,2667,11.01,0,0,0,0,0,0,False,,0
000776,2015-06-30,2026-06-30,2672,11.01,0,0,0,0,0,0,False,,0
000792,2015-06-30,2026-06-30,2348,11.01,0,0,1,1,0,0,True,单日涨跌幅绝对值>21%天数; 收盘价较前日变动>50%天数,150
000807,2015-06-30,2026-06-30,2639,11.01,0,0,0,0,0,0,False,,0
000858,2015-06-30,2026-06-30,2612,11.01,0,0,0,0,0,0,False,,0
000895,2015-06-30,2026-06-30,2657,11.01,0,0,0,0,0,0,False,,0
000938,2015-06-30,2026-06-30,2623,11.01,0,0,0,0,0,0,False,,0
000963,2015-08-05,2026-06-30,2646,10.91,0,0,0,0,0,0,False,,0
000975,2015-06-30,2026-06-30,2498,11.01,0,0,0,0,0,0,False,,0
000977,2015-06-30,2026-06-30,2656,11.01,0,0,0,0,0,0,False,,0
000988,2015-06-30,2026-06-30,2669,11.01,0,0,0,0,0,0,False,,0
000999,2015-06-30,2026-06-30,2672,11.01,0,0,0,0,0,0,False,,0
001280,2025-12-03,2026-06-30,137,0.57,0,0,1,0,0,0,True,单日涨跌幅绝对值>21%天数,50
001391,2024-12-30,2026-06-30,361,1.5,0,0,1,0,0,0,True,单日涨跌幅绝对值>21%天数,50
001965,2017-12-25,2026-06-30,2063,8.52,0,0,1,0,0,0,True,单日涨跌幅绝对值>21%天数,50
001979,2015-12-30,2026-06-30,2532,10.51,0,0,0,0,0,0,False,,0
002001,2015-07-13,2026-06-30,2659,10.97,0,0,0,0,0,0,False,,0
002027,2015-09-02,2026-06-30,2621,10.83,0,0,0,0,0,0,False,,0
002028,2015-06-30,2026-06-30,2672,11.01,0,0,0,0,0,0,False,,0
002049,2015-06-30,2026-06-30,2468,11.01,0,0,0,0,0,0,False,,0
002050,2015-06-30,2026-06-30,2628,11.01,0,0,0,0,0,0,False,,0
002074,2015-06-30,2026-06-30,2639,11.01,0,0,0,0,0,0,False,,0
002142,2015-06-30,2026-06-30,2665,11.01,0,0,0,0,0,0,False,,0
002179,2015-06-30,2026-06-30,2672,11.01,0,0,0,0,0,0,False,,0
002202,2015-06-30,2026-06-30,2666,11.01,0,0,0,0,0,0,False,,0
002230,2015-06-30,2026-06-30,2621,11.01,0,0,0,0,0,0,False,,0
002236,2015-06-30,2026-06-30,2667,11.01,0,0,0,0,0,0,False,,0
002241,2015-06-30,2026-06-30,2665,11.01,0,0,0,0,0,0,False,,0
002304,2015-06-30,2026-06-30,2672,11.01,0,0,0,0,0,0,False,,0
002311,2015-06-30,2026-06-30,2672,11.01,0,0,0,0,0,0,False,,0
002352,2015-06-30,2026-06-30,2624,11.01,0,0,0,0,0,0,False,,0
002353,2015-09-30,2026-06-30,2591,10.76,0,0,0,0,0,0,False,,0
002371,2015-06-30,2026-06-30,2601,11.01,0,0,0,0,0,0,False,,0
002384,2015-06-30,2026-06-30,2471,11.01,0,0,0,0,0,0,False,,0
002415,2015-06-30,2026-06-30,2628,11.01,0,0,0,0,0,0,False,,0
002422,2015-06-30,2026-06-30,2668,11.01,0,0,0,0,0,0,False,,0
002460,2015-06-30,2026-06-30,2660,11.01,0,0,0,0,0,0,False,,0
002463,2015-06-30,2026-06-30,2672,11.01,0,0,0,0,0,0,False,,0
002466,2015-06-30,2026-06-30,2646,11.01,0,0,0,0,0,0,False,,0
002475,2015-06-30,2026-06-30,2655,11.01,0,0,0,0,0,0,False,,0
002493,2015-06-30,2026-06-30,2672,11.01,0,0,0,0,0,0,False,,0
002532,2015-06-30,2026-06-30,2581,11.01,0,0,0,0,0,0,False,,0
002558,2015-11-11,2026-06-30,2468,10.64,0,0,0,0,0,0,False,,0
002594,2015-06-30,2026-06-30,2672,11.01,0,0,0,0,0,0,False,,0
002600,2015-06-30,2026-06-30,2513,11.01,0,0,0,0,0,0,False,,0
002602,2015-12-08,2026-06-30,2418,10.57,0,0,0,0,0,0,False,,0
002625,2015-06-30,2026-06-30,2487,11.01,0,0,0,0,0,0,False,,0
002648,2015-06-30,2026-06-30,2662,11.01,0,0,0,0,0,0,False,,0
002709,2015-06-30,2026-06-30,2659,11.01,0,0,0,0,0,0,False,,0
002714,2015-06-30,2026-06-30,2662,11.01,0,0,0,0,0,0,False,,0
002736,2015-06-30,2026-06-30,2662,11.01,0,0,0,0,0,0,False,,0
002837,2016-12-29,2026-06-30,2228,9.51,0,0,1,0,0,0,True,单日涨跌幅绝对值>21%天数,50
002916,2017-12-13,2026-06-30,2069,8.55,0,0,1,0,0,0,True,单日涨跌幅绝对值>21%天数,50
002920,2017-12-26,2026-06-30,2062,8.52,0,0,1,0,0,0,True,单日涨跌幅绝对值>21%天数,50
002938,2018-09-18,2026-06-30,1883,7.79,0,0,1,0,0,0,True,单日涨跌幅绝对值>21%天数,50
003816,2019-08-26,2026-06-30,1657,6.85,0,0,1,0,0,0,True,单日涨跌幅绝对值>21%天数,50
300014,2015-06-30,2026-06-30,2652,11.01,0,0,0,0,0,0,False,,0
300015,2015-06-30,2026-06-30,2654,11.01,0,0,0,0,0,0,False,,0
300033,2015-06-30,2026-06-30,2671,11.01,0,0,0,0,0,0,False,,0
300059,2015-06-30,2026-06-30,2661,11.01,0,0,0,0,0,0,False,,0
300122,2015-06-30,2026-06-30,2668,11.01,0,0,0,0,0,0,False,,0
300124,2015-06-30,2026-06-30,2661,11.01,0,0,0,0,0,0,False,,0
300251,2015-06-30,2026-06-30,2633,11.01,0,0,0,0,0,0,False,,0
300274,2015-06-30,2026-06-30,2662,11.01,0,0,0,0,0,0,False,,0
300308,2015-06-30,2026-06-30,2528,11.01,0,0,0,0,0,0,False,,0
300316,2015-10-08,2026-06-30,2599,10.73,0,0,0,0,0,0,False,,0
300394,2015-06-30,2026-06-30,2660,11.01,0,0,0,0,0,0,False,,0
300408,2015-06-30,2026-06-30,2662,11.01,0,0,0,0,0,0,False,,0
300413,2015-06-30,2026-06-30,2412,11.01,0,0,0,0,0,0,False,,0
300418,2015-08-06,2026-06-30,2640,10.91,0,0,0,0,0,0,False,,0
300433,2015-06-30,2026-06-30,2653,11.01,0,0,0,0,0,0,False,,0
300442,2015-06-30,2026-06-30,2656,11.01,0,0,0,0,0,0,False,,0
300450,2015-06-30,2026-06-30,2523,11.01,0,0,0,0,0,0,False,,0
300476,2015-06-30,2026-06-30,2667,11.01,0,0,0,0,0,0,False,,0
300498,2015-11-02,2026-06-30,2579,10.67,0,0,1,0,0,0,True,单日涨跌幅绝对值>21%天数,50
300502,2016-03-03,2026-06-30,2506,10.33,0,0,1,0,0,0,True,单日涨跌幅绝对值>21%天数,50
300628,2017-03-17,2026-06-30,2254,9.29,0,0,1,0,0,0,True,单日涨跌幅绝对值>21%天数,50
300661,2017-06-06,2026-06-30,2192,9.07,0,0,1,0,0,0,True,单日涨跌幅绝对值>21%天数,50
300750,2018-06-11,2026-06-30,1953,8.06,0,0,1,0,0,0,True,单日涨跌幅绝对值>21%天数,50
300760,2018-10-16,2026-06-30,1869,7.71,0,0,1,0,0,0,True,单日涨跌幅绝对值>21%天数,50
300803,2019-11-18,2026-06-30,1603,6.62,0,0,1,0,0,0,True,单日涨跌幅绝对值>21%天数,50
300832,2020-05-12,2026-06-30,1488,6.14,0,0,1,0,0,0,True,单日涨跌幅绝对值>21%天数,50
300866,2020-08-24,2026-06-30,1416,5.85,0,0,1,0,0,0,True,单日涨跌幅绝对值>21%天数,50
300896,2020-09-28,2026-06-30,1391,5.76,0,0,1,0,0,0,True,单日涨跌幅绝对值>21%天数,50
300999,2020-10-15,2026-06-30,1384,5.71,0,0,1,0,0,0,True,单日涨跌幅绝对值>21%天数,50
301165,2022-11-21,2026-06-30,873,3.61,0,0,0,0,0,0,False,,0
301236,2022-03-15,2026-06-30,1040,4.3,0,0,0,0,0,0,False,,0
301269,2022-07-29,2026-06-30,938,3.92,0,0,1,0,0,0,True,单日涨跌幅绝对值>21%天数,50
301308,2022-08-05,2026-06-30,943,3.9,0,0,1,0,0,0,True,单日涨跌幅绝对值>21%天数,50
302132,2015-06-30,2026-06-30,2662,11.01,0,0,0,0,0,0,False,,0
600000,2015-06-30,2026-06-30,2647,11.01,0,0,0,0,0,0,False,,0
600009,2015-06-30,2026-06-30,2661,11.01,0,0,0,0,0,0,False,,0
600010,2015-06-30,2026-06-30,2663,11.01,0,0,0,0,0,0,False,,0
600011,2015-06-30,2026-06-30,2672,11.01,0,0,0,0,0,0,False,,0
600015,2015-06-30,2026-06-30,2672,11.01,0,0,0,0,0,0,False,,0
600016,2015-06-30,2026-06-30,2672,11.01,0,0,0,0,0,0,False,,0
600018,2015-06-30,2026-06-30,2669,11.01,0,0,0,0,0,0,False,,0
600019,2015-06-30,2026-06-30,2580,11.01,0,0,0,0,0,0,False,,0
600023,2015-06-30,2026-06-30,2672,11.01,0,0,0,0,0,0,False,,0
600025,2017-12-15,2026-06-30,2069,8.55,0,0,1,0,0,0,True,单日涨跌幅绝对值>21%天数,50
600026,2015-06-30,2026-06-30,2575,11.01,0,0,0,0,0,0,False,,0
600027,2015-06-30,2026-06-30,2661,11.01,0,0,0,0,0,0,False,,0
600028,2015-06-30,2026-06-30,2672,11.01,0,0,0,0,0,0,False,,0
600029,2015-06-30,2026-06-30,2669,11.01,0,0,0,0,0,0,False,,0
600030,2015-06-30,2026-06-30,2655,11.01,0,0,0,0,0,0,False,,0
600031,2015-06-30,2026-06-30,2672,11.01,0,0,0,0,0,0,False,,0
600036,2015-06-30,2026-06-30,2672,11.01,0,0,0,0,0,0,False,,0
600039,2015-06-30,2026-06-30,2650,11.01,0,0,0,0,0,0,False,,0
600048,2015-06-30,2026-06-30,2665,11.01,0,0,0,0,0,0,False,,0
600050,2015-06-30,2026-06-30,2577,11.01,0,0,0,0,0,0,False,,0
600061,2015-07-20,2026-06-30,2647,10.95,0,0,0,0,0,0,False,,0
600066,2015-06-30,2026-06-30,2671,11.01,0,0,0,0,0,0,False,,0
600085,2015-06-30,2026-06-30,2672,11.01,0,0,0,0,0,0,False,,0
600089,2015-06-30,2026-06-30,2663,11.01,0,0,0,0,0,0,False,,0
600104,2015-06-30,2026-06-30,2652,11.01,0,0,0,0,0,0,False,,0
600111,2015-06-30,2026-06-30,2672,11.01,0,0,0,0,0,0,False,,0
600115,2015-06-30,2026-06-30,2668,11.01,0,0,0,0,0,0,False,,0
600118,2015-06-30,2026-06-30,2672,11.01,0,0,0,0,0,0,False,,0
600150,2015-06-30,2026-06-30,2531,11.01,0,0,0,0,0,0,False,,0
600160,2015-06-30,2026-06-30,2651,11.01,0,0,0,0,0,0,False,,0
600176,2015-06-30,2026-06-30,2660,11.01,0,0,0,0,0,0,False,,0
600183,2015-06-30,2026-06-30,2672,11.01,0,0,0,0,0,0,False,,0
600188,2015-06-30,2026-06-30,2671,11.01,0,0,0,0,0,0,False,,0
600196,2015-06-30,2026-06-30,2670,11.01,0,0,0,0,0,0,False,,0
600219,2015-06-30,2026-06-30,2566,11.01,0,0,0,0,0,0,False,,0
600221,2015-06-30,2026-06-30,2540,11.01,0,0,0,0,0,0,False,,0
600233,2015-06-30,2026-06-30,2575,11.01,0,0,0,0,0,0,False,,0
600276,2015-06-30,2026-06-30,2671,11.01,0,0,0,0,0,0,False,,0
600309,2015-06-30,2026-06-30,2539,11.01,0,0,0,0,0,0,False,,0
600346,2015-09-22,2026-06-30,2502,10.78,0,0,0,0,0,0,False,,0
600362,2015-06-30,2026-06-30,2664,11.01,0,0,0,0,0,0,False,,0
600372,2015-06-30,2026-06-30,2644,11.01,0,0,0,0,0,0,False,,0
600406,2015-06-30,2026-06-30,2563,11.01,0,0,0,0,0,0,False,,0
600415,2015-06-30,2026-06-30,2669,11.01,0,0,0,0,0,0,False,,0
600426,2015-06-30,2026-06-30,2665,11.01,0,0,0,0,0,0,False,,0
600436,2015-06-30,2026-06-30,2667,11.01,0,0,0,0,0,0,False,,0
600438,2015-06-30,2026-06-30,2586,11.01,0,0,0,0,0,0,False,,0
600460,2015-06-30,2026-06-30,2587,11.01,0,0,0,0,0,0,False,,0
600482,2015-10-22,2026-06-30,2571,10.7,0,0,0,0,0,0,False,,0
600489,2015-06-30,2026-06-30,2655,11.01,0,0,0,0,0,0,False,,0
600515,2015-12-21,2026-06-30,2409,10.53,0,0,0,0,0,0,False,,0
600519,2015-06-30,2026-06-30,2672,11.01,0,0,0,0,0,0,False,,0
600522,2015-06-30,2026-06-30,2654,11.01,0,0,0,0,0,0,False,,0
600547,2015-06-30,2026-06-30,2636,11.01,0,0,0,0,0,0,False,,0
600549,2015-06-30,2026-06-30,2672,11.01,0,0,0,0,0,0,False,,0
600570,2015-06-30,2026-06-30,2666,11.01,0,0,0,0,0,0,False,,0
600584,2015-06-30,2026-06-30,2541,11.01,0,0,0,0,0,0,False,,0
600585,2015-06-30,2026-06-30,2672,11.01,0,0,0,0,0,0,False,,0
600588,2015-06-30,2026-06-30,2666,11.01,0,0,0,0,0,0,False,,0
600600,2015-06-30,2026-06-30,2672,11.01,0,0,0,0,0,0,False,,0
600660,2015-06-30,2026-06-30,2672,11.01,0,0,0,0,0,0,False,,0
600674,2015-06-30,2026-06-30,2672,11.01,0,0,0,0,0,0,False,,0
600690,2015-06-30,2026-06-30,2596,11.01,0,0,0,0,0,0,False,,0
600741,2015-06-30,2026-06-30,2672,11.01,0,0,0,0,0,0,False,,0
600760,2015-06-30,2026-06-30,2590,11.01,0,0,0,0,0,0,False,,0
600795,2015-06-30,2026-06-30,2608,11.01,0,0,0,0,0,0,False,,0
600803,2015-06-30,2026-06-30,2609,11.01,0,0,0,0,0,0,False,,0
600809,2015-06-30,2026-06-30,2660,11.01,0,0,0,0,0,0,False,,0
600845,2015-06-30,2026-06-30,2667,11.01,0,0,0,0,0,0,False,,0
600875,2015-06-30,2026-06-30,2596,11.01,0,0,0,0,0,0,False,,0
600886,2015-09-18,2026-06-30,2616,10.79,0,0,0,0,0,0,False,,0
600887,2015-06-30,2026-06-30,2648,11.01,0,0,0,0,0,0,False,,0
600893,2015-06-30,2026-06-30,2637,11.01,0,0,0,0,0,0,False,,0
600900,2015-11-16,2026-06-30,2563,10.63,0,0,0,0,0,0,False,,0
600905,2021-06-10,2026-06-30,1224,5.06,0,0,1,0,0,0,True,单日涨跌幅绝对值>21%天数,50
600918,2020-06-03,2026-06-30,1472,6.08,0,0,1,0,0,0,True,单日涨跌幅绝对值>21%天数,50
600919,2016-08-02,2026-06-30,2398,9.92,0,0,1,0,0,0,True,单日涨跌幅绝对值>21%天数,50
600926,2016-10-27,2026-06-30,2349,9.68,0,0,1,0,0,0,True,单日涨跌幅绝对值>21%天数,50
600930,2025-07-16,2026-06-30,231,0.96,0,0,1,0,0,0,True,单日涨跌幅绝对值>21%天数,50
600938,2022-04-21,2026-06-30,1015,4.19,0,0,1,0,0,0,True,单日涨跌幅绝对值>21%天数,50
600941,2022-01-05,2026-06-30,1084,4.48,0,0,0,0,0,0,False,,0
600958,2015-06-30,2026-06-30,2650,11.01,0,0,0,0,0,0,False,,0
600989,2019-05-16,2026-06-30,1728,7.13,0,0,1,0,0,0,True,单日涨跌幅绝对值>21%天数,50
600999,2015-06-30,2026-06-30,2666,11.01,0,0,0,0,0,0,False,,0
601006,2015-06-30,2026-06-30,2672,11.01,0,0,0,0,0,0,False,,0
601009,2015-06-30,2026-06-30,2670,11.01,0,0,0,0,0,0,False,,0
601012,2015-06-30,2026-06-30,2660,11.01,0,0,0,0,0,0,False,,0
601018,2015-06-30,2026-06-30,2535,11.01,0,0,0,0,0,0,False,,0
601021,2015-07-21,2026-06-30,2650,10.95,0,0,0,0,0,0,False,,0
601058,2015-06-30,2026-06-30,2655,11.01,0,0,0,0,0,0,False,,0
601059,2023-02-01,2026-06-30,807,3.41,0,0,1,0,0,0,True,单日涨跌幅绝对值>21%天数,50
601066,2018-06-20,2026-06-30,1947,8.03,0,0,1,0,0,0,True,单日涨跌幅绝对值>21%天数,50
601077,2019-10-29,2026-06-30,1617,6.67,0,0,1,0,0,0,True,单日涨跌幅绝对值>21%天数,50
601088,2015-06-30,2026-06-30,2598,11.01,0,0,0,0,0,0,False,,0
601100,2015-06-30,2026-06-30,2633,11.01,0,0,0,0,0,0,False,,0
601111,2015-07-29,2026-06-30,2650,10.93,0,0,0,0,0,0,False,,0
601117,2015-06-30,2026-06-30,2669,11.01,0,0,0,0,0,0,False,,0
601127,2016-06-15,2026-06-30,2413,10.05,0,0,1,0,0,0,True,单日涨跌幅绝对值>21%天数,50
601136,2022-12-22,2026-06-30,850,3.52,0,0,1,0,0,0,True,单日涨跌幅绝对值>21%天数,50
601138,2018-06-08,2026-06-30,1954,8.07,0,0,1,0,0,0,True,单日涨跌幅绝对值>21%天数,50
601166,2015-06-30,2026-06-30,2667,11.01,0,0,0,0,0,0,False,,0
601169,2015-06-30,2026-06-30,2635,11.01,0,0,0,0,0,0,False,,0
601186,2015-06-30,2026-06-30,2672,11.01,0,0,0,0,0,0,False,,0
601211,2015-06-30,2026-06-30,2653,11.01,0,0,0,0,0,0,False,,0
601225,2015-06-30,2026-06-30,2672,11.01,0,0,0,0,0,0,False,,0
601229,2016-11-16,2026-06-30,2335,9.62,0,0,1,0,0,0,True,单日涨跌幅绝对值>21%天数,50
601238,2015-06-30,2026-06-30,2662,11.01,0,0,0,0,0,0,False,,0
601288,2015-06-30,2026-06-30,2672,11.01,0,0,0,0,0,0,False,,0
601318,2015-06-30,2026-06-30,2672,11.01,0,0,0,0,0,0,False,,0
601319,2018-11-16,2026-06-30,1846,7.62,0,0,1,0,0,0,True,单日涨跌幅绝对值>21%天数,50
601328,2015-06-30,2026-06-30,2672,11.01,0,0,0,0,0,0,False,,0
601336,2015-06-30,2026-06-30,2672,11.01,0,0,0,0,0,0,False,,0
601360,2015-06-30,2026-06-30,2548,11.01,0,0,0,0,0,0,False,,0
601377,2015-06-30,2026-06-30,2654,11.01,0,0,0,0,0,0,False,,0
601390,2015-06-30,2026-06-30,2593,11.01,0,0,0,0,0,0,False,,0
601398,2015-06-30,2026-06-30,2672,11.01,0,0,0,0,0,0,False,,0
601456,2020-07-31,2026-06-30,1412,5.92,0,0,1,0,0,0,True,单日涨跌幅绝对值>21%天数,50
601600,2015-06-30,2026-06-30,2563,11.01,0,0,0,0,0,0,False,,0
601601,2015-06-30,2026-06-30,2672,11.01,0,0,0,0,0,0,False,,0
601607,2015-06-30,2026-06-30,2672,11.01,0,0,0,0,0,0,False,,0
601618,2015-06-30,2026-06-30,2600,11.01,0,0,0,0,0,0,False,,0
601628,2015-06-30,2026-06-30,2672,11.01,0,0,0,0,0,0,False,,0
601633,2015-07-13,2026-06-30,2656,10.97,0,0,0,0,0,0,False,,0
601658,2019-12-10,2026-06-30,1587,6.56,0,0,0,0,0,0,False,,0
601668,2015-06-30,2026-06-30,2672,11.01,0,0,0,0,0,0,False,,0
601669,2015-06-30,2026-06-30,2663,11.01,0,0,0,0,0,0,False,,0
601688,2015-06-30,2026-06-30,2672,11.01,0,0,0,0,0,0,False,,0
601689,2015-06-30,2026-06-30,2662,11.01,0,0,0,0,0,0,False,,0
601698,2019-06-28,2026-06-30,1698,7.01,0,0,1,0,0,0,True,单日涨跌幅绝对值>21%天数,50
601727,2015-06-30,2026-06-30,2413,11.01,0,0,0,0,0,0,False,,0
601728,2021-08-20,2026-06-30,1174,4.86,0,0,1,0,0,0,True,单日涨跌幅绝对值>21%天数,50
601766,2015-06-30,2026-06-30,2662,11.01,0,0,0,0,0,0,False,,0
601788,2015-06-30,2026-06-30,2672,11.01,0,0,0,0,0,0,False,,0
601800,2015-06-30,2026-06-30,2672,11.01,0,0,0,0,0,0,False,,0
601816,2020-01-16,2026-06-30,1561,6.46,0,0,1,0,0,0,True,单日涨跌幅绝对值>21%天数,50
601818,2015-06-30,2026-06-30,2661,11.01,0,0,0,0,0,0,False,,0
601825,2021-08-19,2026-06-30,1175,4.87,0,0,0,0,0,0,False,,0
601838,2018-01-31,2026-06-30,2037,8.42,0,0,1,0,0,0,True,单日涨跌幅绝对值>21%天数,50
601857,2015-06-30,2026-06-30,2672,11.01,0,0,0,0,0,0,False,,0
601868,2021-09-28,2026-06-30,1149,4.76,0,0,1,0,0,0,True,单日涨跌幅绝对值>21%天数,50
601872,2015-06-30,2026-06-30,2572,11.01,0,0,0,0,0,0,False,,0
601877,2015-11-27,2026-06-30,2565,10.6,0,0,0,0,0,0,False,,0
601878,2017-06-26,2026-06-30,2188,9.02,0,0,1,0,0,0,True,单日涨跌幅绝对值>21%天数,50
601881,2017-01-23,2026-06-30,2288,9.44,0,0,1,0,0,0,True,单日涨跌幅绝对值>21%天数,50
601888,2015-06-30,2026-06-30,2672,11.01,0,0,0,0,0,0,False,,0
601898,2015-06-30,2026-06-30,2672,11.01,0,0,0,0,0,0,False,,0
601899,2015-06-30,2026-06-30,2666,11.01,0,0,0,0,0,0,False,,0
601901,2015-06-30,2026-06-30,2659,11.01,0,0,0,0,0,0,False,,0
601916,2019-11-26,2026-06-30,1591,6.6,0,0,0,0,0,0,False,,0
601919,2015-06-30,2026-06-30,2530,11.01,0,0,0,0,0,0,False,,0
601939,2015-06-30,2026-06-30,2672,11.01,0,0,0,0,0,0,False,,0
601985,2015-06-30,2026-06-30,2672,11.01,0,0,0,0,0,0,False,,0
601988,2015-06-30,2026-06-30,2672,11.01,0,0,0,0,0,0,False,,0
601995,2020-11-02,2026-06-30,1352,5.66,0,0,1,0,0,0,True,单日涨跌幅绝对值>21%天数,50
601998,2015-06-30,2026-06-30,2670,11.01,0,0,0,0,0,0,False,,0
603019,2015-06-30,2026-06-30,2657,11.01,0,0,0,0,0,0,False,,0
603259,2018-05-08,2026-06-30,1977,8.15,0,0,1,0,0,0,True,单日涨跌幅绝对值>21%天数,50
603260,2017-10-30,2026-06-30,2103,8.67,0,0,1,0,0,0,True,单日涨跌幅绝对值>21%天数,50
603288,2015-06-30,2026-06-30,2672,11.01,0,0,0,0,0,0,False,,0
603296,2023-08-08,2026-06-30,699,2.9,0,0,0,0,0,0,False,,0
603369,2015-06-30,2026-06-30,2669,11.01,0,0,0,0,0,0,False,,0
603392,2020-04-29,2026-06-30,1494,6.17,0,0,1,0,0,0,True,单日涨跌幅绝对值>21%天数,50
603501,2017-05-04,2026-06-30,2052,9.16,0,0,1,0,0,0,True,单日涨跌幅绝对值>21%天数,50
603799,2015-06-30,2026-06-30,2657,11.01,0,0,0,0,0,0,False,,0
603893,2020-02-07,2026-06-30,1551,6.4,0,0,1,0,0,0,True,单日涨跌幅绝对值>21%天数,50
603986,2016-08-18,2026-06-30,2186,9.87,0,0,1,0,0,0,True,单日涨跌幅绝对值>21%天数,50
603993,2015-06-30,2026-06-30,2653,11.01,0,0,0,0,0,0,False,,0
605117,2021-04-20,2026-06-30,1258,5.2,0,0,1,0,0,0,True,单日涨跌幅绝对值>21%天数,50
605499,2021-05-27,2026-06-30,1234,5.1,0,0,1,0,0,0,True,单日涨跌幅绝对值>21%天数,50
688008,2019-07-22,2026-06-30,1682,6.95,0,0,1,0,0,0,True,单日涨跌幅绝对值>21%天数,50
688009,2019-07-22,2026-06-30,1682,6.95,0,0,1,0,0,0,True,单日涨跌幅绝对值>21%天数,50
688012,2019-07-22,2026-06-30,1673,6.95,0,0,1,0,0,0,True,单日涨跌幅绝对值>21%天数,50
688036,2019-09-30,2026-06-30,1633,6.75,0,0,1,0,0,0,True,单日涨跌幅绝对值>21%天数,50
688041,2022-08-12,2026-06-30,928,3.88,0,0,1,0,0,0,True,单日涨跌幅绝对值>21%天数,50
688047,2022-06-24,2026-06-30,973,4.02,0,0,1,0,0,0,True,单日涨跌幅绝对值>21%天数,50
688072,2022-04-20,2026-06-26,1014,4.19,0,0,1,0,0,0,True,单日涨跌幅绝对值>21%天数,50
688082,2021-11-18,2026-06-30,1117,4.62,0,0,1,0,0,0,True,单日涨跌幅绝对值>21%天数,50
688111,2019-11-18,2026-06-30,1603,6.62,0,0,1,0,0,0,True,单日涨跌幅绝对值>21%天数,50
688126,2020-04-20,2026-06-30,1491,6.2,0,0,1,0,0,0,True,单日涨跌幅绝对值>21%天数,50
688183,2021-02-25,2026-06-30,1295,5.35,0,0,1,0,0,0,True,单日涨跌幅绝对值>21%天数,50
688223,2022-01-26,2026-06-30,1069,4.43,0,0,1,0,0,0,True,单日涨跌幅绝对值>21%天数,50
688256,2020-07-20,2026-06-30,1441,5.95,0,0,2,0,0,0,True,单日涨跌幅绝对值>21%天数,100
688271,2022-08-22,2026-06-30,932,3.86,0,0,1,0,0,0,True,单日涨跌幅绝对值>21%天数,50
688303,2021-07-22,2026-06-30,1195,4.94,0,0,1,0,0,0,True,单日涨跌幅绝对值>21%天数,50
688396,2020-02-27,2026-06-30,1537,6.34,0,0,1,0,0,0,True,单日涨跌幅绝对值>21%天数,50
688472,2023-06-09,2026-06-30,739,3.06,0,0,0,0,0,0,False,,0
688506,2023-01-06,2026-06-30,840,3.48,0,0,1,0,0,0,True,单日涨跌幅绝对值>21%天数,50
688521,2020-08-18,2026-06-30,1410,5.87,0,0,1,0,0,0,True,单日涨跌幅绝对值>21%天数,50
688981,2020-07-16,2026-06-30,1437,5.96,0,0,1,0,0,0,True,单日涨跌幅绝对值>21%天数,50
